curb_scene,Acc-Z_0,Acc-Z_1,Acc-Z_2,Acc-Z_3,Acc-Z_4,Acc-Z_5,Acc-Z_6,Acc-Z_7,Acc-Z_8,Acc-Z_9,Acc-Z_10,Acc-Z_11,Acc-Z_12,Acc-Z_13,Acc-Z_14,Acc-Z_15,Acc-Z_16,Acc-Z_17,Acc-Z_18,Acc-Z_19,Acc-Z_20,Acc-Z_21,Acc-Z_22,Acc-Z_23,Acc-Z_24,Acc-Z_25,Acc-Z_26,Acc-Z_27,Acc-Z_28,Acc-Z_29,Acc-Z_30,Acc-Z_31,Acc-Z_32,Acc-Z_33,Acc-Z_34,Acc-Z_35,Acc-Z_36,Acc-Z_37,Acc-Z_38,Acc-Z_39,Acc-Z_40,Acc-Z_41,Acc-Z_42,Acc-Z_43,Acc-Z_44,Acc-Z_45,Acc-Z_46,Acc-Z_47,Acc-Z_48,Acc-Z_49,Acc-Z_50,Acc-Z_51,Acc-Z_52,Acc-Z_53,Acc-Z_54,Acc-Z_55,Acc-Z_56,Acc-Z_57,Acc-Z_58,Acc-Z_59,Acc-Z_60,Acc-Z_61,Acc-Z_62,Acc-Z_63,Acc-Z_64,Acc-Z_65,Acc-Z_66,Acc-Z_67,Acc-Z_68,Acc-Z_69,Acc-Z_70,Acc-Z_71,Acc-Z_72,Acc-Z_73,Acc-Z_74,Acc-Z_75,Acc-Z_76,Acc-Z_77,Acc-Z_78,Acc-Z_79,Acc-Z_80,Acc-Z_81,Acc-Z_82,Acc-Z_83,Acc-Z_84,Acc-Z_85,Acc-Z_86,Acc-Z_87,Acc-Z_88,Acc-Z_89,Acc-Z_90,Acc-Z_91,Acc-Z_92,Acc-Z_93,Acc-Z_94,Acc-Z_95,Acc-Z_96,Acc-Z_97,Acc-Z_98,Acc-Z_99
0.0,8.762772,8.753204,8.762772,8.781937,8.753204,8.748413,8.738831,8.748413,8.743622,8.753204,8.738831,8.743622,8.772354,8.791504,8.762772,8.772354,8.772354,8.801086,8.810669,8.772354,8.762772,8.767563,8.772354,8.791504,8.777145,8.786728,8.796295,8.801086,8.805878,8.796295,8.757996,8.781937,8.805878,8.796295,8.781937,8.762772,8.777145,8.805878,8.805878,8.777145,8.791504,8.801086,8.805878,8.805878,8.786728,8.767563,8.786728,8.791504,8.786728,8.767563,8.762772,8.762772,8.748413,8.767563,8.729263,8.69574,8.724472,8.767563,8.767563,8.748413,8.753204,8.757996,8.777145,8.757996,8.753204,8.738831,8.734055,8.777145,8.762772,8.767563,8.748413,8.753204,8.777145,8.786728,8.762772,8.743622,8.772354,8.810669,8.791504,8.767563,8.757996,8.801086,8.815445,8.796295,8.791504,8.796295,8.805878,8.801086,8.801086,8.801086,8.786728,8.801086,8.820236,8.786728,8.777145,8.772354,8.781937,8.801086,8.781937,8.753204
